Workbook

Sheet Gap Assessment
E2: Clasificación de seguridad | F2: [Insertar clasificación]
E3: Versión | F3: 1
E4: Fecha | F4: dd/mm/yy
A5: GDPR Gap Assessment | E5: Aprobado por | F5: [Nombre del encargado]
A7: Capitulo | B7: Sección | C7: Artículo | D7: Párrafo y punto | E7: Requerimiento | F7: ¿Cumple? | G7: Acción requerida para cumplir | H7: Responsable de acción
A8: CAPÍTULO I - Disposiciones generales
C9: Artículo 1 Subject-matter y objetivos | D9: Todos | E9: Ninguno - solo para información
C10: Artículo 2 Alcance material | D10: Todos | E10: ¿Se ha establecido que el RGPD se aplica a las actividades de procesamiento de datos personales que realiza la organización? | F10: Yes
C11: Artículo 3 Alcance territorial | D11: Todos | E11: ¿Se ha establecido que se aplica el RGPD, en función de los interesados cuyos datos personales procesamos? | F11: Yes
C12: Artículo 4 Definiciones | D12: Todos | E12: Ninguno - solo para información
E14: Total: | F14: =+COUNTIF(F10:F11, "Yes") -> 2
A15: CAPÍTULO II - Principios
C16: Artículo 5 - Principios referentes al tratamiento de datos personales | D16: 1a | E16: ¿Se procesan los datos personales de forma legal, justa y transparente? | F16: Yes
D17: 1b | E17: ¿Se recopilan los datos personales para fines específicos, explícitos y legítimos? | F17: Yes
D18: 1c | E18: ¿Los datos personales recopilados son adecuados, relevantes y limitados a lo necesario? | F18: Yes
D19: 1d | E19: ¿Son precisos los datos personales y, cuando es necesario, se mantienen actualizados? | F19: Yes
D20: 1e | E20: ¿Se guardan los datos personales durante más tiempo del necesario? | F20: Yes
D21: 1f | E21: ¿Se procesan los datos personales de una manera que garantice su seguridad adecuada? | F21: Yes
D22: 2 | E22: Como controlador, ¿podemos demostrar el cumplimiento de todos los principios? | F22: Yes
C23: Artículo 6 - Legalidad del procesamiento | D23: 1 | E23: ¿Se ha establecido la base legal para el procesamiento de todos los datos personales? | F23: Yes
D24: 2 | E24: Ninguno - solo para información
D25: 3 | E25: Ninguno - solo para información
D26: 4 | E26: Para procesamiento adicional, ¿se ha establecido la compatibilidad con el propósito inicial de acuerdo con los criterios requeridos? | F26: Yes
C27: Artículo 7 - Condiciones de consentimiento | D27: 1 | E27: ¿Se puede demostrar el consentimiento en todos los casos? | F27: Yes
D28: 2 | E28: ¿Todas las solicitudes de consentimiento se pueden distinguir claramente? | F28: Yes
D29: 3 | E29: ¿Hay facilidades para la retirada del consentimiento? | F29: Yes
D30: 4 | E30: ¿Se da el consentimiento de forma gratuita en todos los casos? | F30: Yes
C31: Artículo 8 - Condiciones aplicables al consentimiento de niños en relación con los servicios de la sociedad de la información | D31: Todos | E31: Para los niños, ¿se ha dado el consentimiento del titular de la responsabilidad parental en todos los casos? | F31: Yes
C32: Artículo 9 - Tratamiento de categorías especiales de datos personales | D32: Todos | E32: ¿Está claramente justificado todo el procesamiento de categorías especiales de datos personales? | F32: Yes
C33: Artículo 10 - Tratamiento de datos personales relativos a condenas penales e infracciones | D33: Todos | E33: Ninguno - solo para información
C34: Artículo 11 - Procesamiento que no requiere identificación | D34: Todos | E34: ¿Se han definido los casos de procesamiento en los que no se puede identificar al interesado? | F34: Yes
E36: Total: | F36: =+COUNTIF(F16:F34, "Yes") -> 16
A37: CAPÍTULO III - Derechos del interesado
B38: Sección 1 - Transparencia y modalidades
C39: Artículo 12 - Información, comunicación y modalidades transparentes para el ejercicio de los derechos del interesado | D39: 1 | E39: ¿Es toda la información proporcionada al interesado de una manera concisa, transparente e intelegible y de fácil acceso, utilizando un lenguaje claro y sencillo, y en los formatos requeridos? | F39: Yes
D40: 2 | E40: ¿Se facilita el ejercicio de los derechos de los interesados según sea necesario? | F40: Yes
D41: 3 | E41: ¿Se han cumplido los plazos necesarios para responder a las solicitudes de los interesados? | F41: Yes
D42: 4 | E42: ¿Se cumplen los plazos requeridos para informar al interesado cuando no se toman medidas? | F42: Yes
D43: 5 | E43: ¿Se definen criterios claros para cobrar por solicitudes manifiestamente infundadas o excesivas? | F43: Yes
D44: 6 | E44: ¿Se tienen procedimientos para confirmacion de identidad de los solicitantes? | F44: Yes
D45: 7 | E45: Ninguno - solo para información
D46: 8 | E46: Ninguno - solo para información
E48: Total: | F48: =+COUNTIF(F39:F46, "Yes") -> 6
B49: Sección 2 - Información y acceso a datos personales
C50: Artículo 13 - Información que debe proporcionarse cuando se hayan obtenido datos del interesado | D50: 1 | E50: ¿Está toda la información requerida proporcionada al interesado en el punto en el que se obtienen los datos personales? | F50: Yes
D51: 2 | E51: ¿Está toda la información adicional requerida proporcionada al interesado en el momento en que se obtienen los datos personales? | F51: Yes
D52: 3 | E52: ¿Se proporciona información a los interesados sobre el procesamiento posterior para fines adicionales cuando es necesario? | F52: Yes
D53: 4 | E53: ¿Está claramente definido en qué casos un interesado ya tendrá la información requerida? | F53: Yes
C54: Artículo 14 - Información que debe proporcionarse cuando no se han obtenido datos personales del interesado | D54: 1 | E54: ¿Es toda la información requerida porporcionada al interesado en los casos en que los datos personales no se obtienen directamente de ellos? | F54: Yes
D55: 2 | E55: ¿Se proporciona toda la información adicional requerida al interesado en los casos en que los datos personales no se obtienen directamente de ellos? | F55: Yes
D56: 3 | E56: ¿La información requerida se proporciona al interesado de acuerdo con las escalas de tiempo requeridas? | F56: Yes
D57: 4 | E57: ¿Se proporciona información a los interesados sobre el procesamiento posterior para fines adicionales cuando es necesario? | F57: Yes
D58: 5 | E58: ¿Está claramente definido en qué casos no es necesario proporcionar la información requerida? | F58: Yes
C59: Artículo 15 - Derecho de acceso del interesado | D59: 1 | E59: ¿Están en marcha procedimientos para responder a las solicitudes de acceso del interesado y proporcionar la información requerida? | F59: Yes
D60: 2 | E60: ¿La información relativa a las transferencias internacionales está disponible para el interesado cuando corresponda? | F60: Yes
D61: 3 | E61: ¿Están en marcha procedimientos para proporcionar copias de los datos personales y en la forma correcta? | F61: Yes
D62: 4 | E62: Ninguno - solo para información
E64: Total: | F64: =+COUNTIF(F50:F62, "Yes") -> 12
B65: Sección 3 - Rectificación y borrado
C66: Artículo 16 - Derecho de rectificación | D66: Todos | E66: ¿Hay procedimientos para rectificar datos personales inexactos y tener¿Se han completado los datos personales incompletos? | F66: Yes
C67: Artículo 17 - Derecho al borrado ("derecho al olvido") | D67: 1 | E67: ¿Están en marcha procedimientos para borrar los datos personales sin demora indebida cuando un interesado los solicita por motivos legítimos? | F67: Yes
D68: 2 | E68: ¿Están en marcha procedimientos para informar a otros controladores de las solicitudes de borrado, cuando corresponda? | F68: Yes
D69: 3 | E69: ¿Está claramente definido bajo qué circunstancias se aceptarán o rechazarán las solicitudes de borrado? | F69: Yes
C70: Artículo 18- Derecho a la restricción del procesamiento | D70: 1 | E70: ¿Hay procedimientos para restringir el procesamiento cuando un interesado lo solicita por motivos legítimos? | F70: Yes
D71: 2 | E71: ¿Están en marcha procedimientos para obtener el consentimiento del interesado antes de que se realice el procesamiento que ha sido restringido? | F71: Yes
D72: 3 | E72: ¿Se informa a los interesados antes de que se levanten las restricciones relevantes de procesamiento? | F72: Yes
C73: Artículo 19 - Obligación de notificación relativa a la rectificación o supresión de datos personales o restricción del tratamiento | D73: Todos | E73: ¿Se están implementando procedimientos para comunicar la rectificación o eliminación de datos personales o la restricción del procesamiento a terceros relevantes? | F73: Yes
C74: Artículo 20 - Derecho a la portabilidad de los datos | D74: 1 | E74: ¿Hay instalaciones para proporcionar los datos personales del interesado a petición en un formato estructurado, de uso común y legible por máquina? | F74: No
D75: 2 | E75: ¿Hay instalaciones para transmitir los datos personales del interesado a otro controlador? | F75: Yes
D76: 3 | E76: Ninguno - solo para información
D77: 4 | E77: Ninguno - solo para información
E79: Total: | F79: =+COUNTIF(F66:F77, "Yes") -> 9
B80: Sección 4 - Derecho a objetar y toma de decisiones individuales automatizada
C81: Artículo 21 - Derecho a objetar | D81: 1 | E81: ¿Hay procedimientos para recibir, evaluar y cumplir con las objeciones al procesamiento de datos personales? | F81: Yes
D82: 2 | E82: ¿Hay procedimientos para recibir objeciones al procesamiento relacionados específicamente con el marketing directo? | F82: Yes
D83: 3 | E83: ¿Están en marcha procedimientos para cumplir con las objeciones al procesamiento relacionadas con el marketing directo? | F83: Yes
D84: 4 | E84: ¿El derecho a objetar se ha puesto explícitamente en conocimiento del interesado, a más tardar en el momento de la primera comunicación? | F84: Yes
D85: 5 | E85: Ninguno - solo para información
D86: 6 | E86: ¿Está claro qué procesamiento (si lo hay) es de interés público? | F86: Yes
C87: Artículo 22 - Toma de decisiones individual automatizada, incluida la elaboración de perfiles | D87: 1 | E87: ¿Está claro qué procesamiento implica la toma de decisiones automatizada, incluida la elaboración de perfiles? | F87: Yes
D88: 2 | E88: ¿Está clara la base de cualquier toma de decisiones automatizada? | F88: Yes
D89: 3 | E89: ¿Existen procedimientos para permitir la intervención humana y obtener las opiniones del interesado con respecto a la toma de decisiones automatizada? | F89: Yes
D90: 4 | E90: ¿Se han identificado las decisiones que utilizan categorías especiales de datos personales y medidas adecuadas para salvaguardar han sido implementadas? | F90: Yes
E92: Total: | F92: =+COUNTIF(F81:F90, "Yes") -> 9
B93: Sección 5 - Restricciones
C94: Articulo 23 - Restricciones | D94: 1 | E94: ¿Se sabe hasta qué punto la legislación de la Unión o de los Estados Miembros restringe el alcance de las obligaciones Y los derechos previstos en los artículos 12 a 22 y en el artículo 34, y las partes pertinentes del artículo 5? | F94: Yes
D95: 2 | E95: ¿Se conocen, definen y entienden claramente los detalles de alguna restricción de la legislación de la Unión o del Estado miembro? | F95: Yes
E97: Total: | F97: =+COUNTIF(F94:F95, "Yes") -> 2
A98: CAPITULO IV - Controladores y Procesadores
B99: Sección 1 - Obligaciones generales
C100: Articulo 24 - Responsabilidad de los controladores | D100: 1 | E100: ¿Hay medidas técnicas y organizativas apropiadas para garantizar y poder demostrar que el procesamiento se realiza de acuerdo con el RGPD? | F100: Yes
D101: 1 | E101: ¿Se revisan y actualizan estas medidas cuando es necesario? | F101: Yes
D102: 2 | E102: ¿Se han implementado políticas de protección de datos adecuadas? | F102: Yes
D103: 3 | E103: Ninguno - solo para información
C104: Artículo 25 - Protección de datos por diseño y por defecto | D104: 1 | E104: ¿Se han aplicado medidas técnicas y organizativas apropiadas para cumplir con los requisitos de este Reglamento y proteger los derechos de los interesados? | F104: Yes
D105: 2 | E105: .¿Solo se procesan los datos personales que son necesarios para cada propósito específico del procesamiento? | F105: Yes
D106: 3 | E106: Ninguno - solo para información
C107: Artículo 26 - Controladores conjuntos | D107: 1 | E107: ¿Se han identificado todas las instancias de Controlador Conjunto y las responsabilidades relativas definidas y acordadas? | F107: Yes
D108: 2 | E108: ¿Cada acuerdo de controlador conjunto refleja debidamente los respectivos roles y relaciones y es la esencia del acuerdo puesto a disposición del interesado? | F108: Yes
D109: 3 | E109: Ninguno - solo para información
...

Sheet Resultados de cumplimiento
A3: Resultados Gap Assessment
A7: Capitulo y Sección de GDPR | B7: Número de requisitos en la sección | C7: Número de requisitos aplicables | D7: Número de requisitos aplicables cumplidos | E7: % de Cumplimiento
A8: CHAPTER I - General provisions | B8: 2 | C8: =+COUNTIF('Gap Assessment'!F9:F12,"Yes")+COUNTIF('Gap Assessment'!F9:F12,"No") -> 2 | D8: =+'Gap Assessment'!F14 -> 2 | E8: =+D8/C8 -> 1
A9: CHAPTER II - Principles | B9: 16 | C9: =+COUNTIF('Gap Assessment'!F16:F34,"Yes")+COUNTIF('Gap Assessment'!F16:F34,"No") -> 16 | D9: =+'Gap Assessment'!F36 -> 16 | E9: =+D9/C9 -> 1
A10: CHAPTER III - Section 1 - Transparency and modalities | B10: 6 | C10: =+COUNTIF('Gap Assessment'!F39:F46,"Yes")+COUNTIF('Gap Assessment'!F39:F46,"No") -> 6 | D10: =+'Gap Assessment'!F48 -> 6 | E10: =+D10/C10 -> 1
A11: CHAPTER III - Section 2 - Information and access to personal data | B11: 12 | C11: =+COUNTIF('Gap Assessment'!F50:F62,"Yes")+COUNTIF('Gap Assessment'!F50:F62,"No") -> 12 | D11: =+'Gap Assessment'!F64 -> 12 | E11: =+D11/C11 -> 1
A12: CHAPTER III - Section 3 - Rectification and erasure | B12: 10 | C12: =+COUNTIF('Gap Assessment'!F66:F77,"Yes")+COUNTIF('Gap Assessment'!F66:F77,"No") -> 10 | D12: =+'Gap Assessment'!F79 -> 9 | E12: =+D12/C12 -> 0.9
A13: CHAPTER III - Section 4 - Right to object and automated individual decision-making | B13: 9 | C13: =+COUNTIF('Gap Assessment'!F81:F90,"Yes")+COUNTIF('Gap Assessment'!F81:F90,"No") -> 9 | D13: =+'Gap Assessment'!F92 -> 9 | E13: =+D13/C13 -> 1
A14: CHAPTER III - Section 5 - Restrictions | B14: 2 | C14: =+COUNTIF('Gap Assessment'!F94:F95,"Yes")+COUNTIF('Gap Assessment'!F94:F95,"No") -> 2 | D14: =+'Gap Assessment'!F97 -> 2 | E14: =+D14/C14 -> 1
A15: CHAPTER IV - Section 1 - General obligations | B15: 24 | C15: =+COUNTIF('Gap Assessment'!F100:F131,"Yes")+COUNTIF('Gap Assessment'!F100:F131,"No") -> 24 | D15: =+'Gap Assessment'!F133 -> 24 | E15: =+D15/C15 -> 1
A16: CHAPTER IV - Section 2 - Security of personal data | B16: 13 | C16: =+COUNTIF('Gap Assessment'!F135:F147,"Yes")+COUNTIF('Gap Assessment'!F135:F147,"No") -> 13 | D16: =+'Gap Assessment'!F149 -> 12 | E16: =+D16/C16 -> 0.92307692
A17: CHAPTER IV - Section 3 - Data protection impact assessment and prior consultation | B17: 11 | C17: =+COUNTIF('Gap Assessment'!F151:F166,"Yes")+COUNTIF('Gap Assessment'!F151:F166,"No") -> 11 | D17: =+'Gap Assessment'!F168 -> 11 | E17: =+D17/C17 -> 1
A18: CHAPTER IV - Section 4 - Data protection officer | B18: 14 | C18: =+COUNTIF('Gap Assessment'!F170:F184,"Yes")+COUNTIF('Gap Assessment'!F170:F184,"No") -> 14 | D18: =+'Gap Assessment'!F186 -> 14 | E18: =+D18/C18 -> 1
A19: CHAPTER V - Transfers of personal data | B19: 9 | C19: =+COUNTIF('Gap Assessment'!F195:F220,"Yes")+COUNTIF('Gap Assessment'!F195:F220,"No") -> 9 | D19: =+'Gap Assessment'!F222 -> 9 | E19: =+D19/C19 -> 1
A20: Totales | B20: =SUM(B8:B19) -> 128 | C20: =SUM(C8:C19) -> 128 | D20: =SUM(D8:D19) -> 126 | E20: =+D20/B20 -> 0.984375

Sheet Grafico de cumplimiento

Sheet Grafico de %cumplimiento

Sheet % Radar de cumplimiento
